{
    "mae": 81267.96003052688,
    "rmse": 162308.61524956723,
    "r2": 0.9433563672788423
}